;precision;recall;f1-score;support
0;0.9655172413793104;0.7050359712230215;0.814968814968815;278.0
1;0.7537537537537538;0.9728682170542635;0.8494077834179357;258.0
avg / total;0.8635863089028298;0.8339552238805971;0.8315457811252946;536.0
;precision;recall;f1-score;support
0;0.9655172413793104;0.7050359712230215;0.814968814968815;278.0
1;0.7537537537537538;0.9728682170542635;0.8494077834179357;258.0
avg / total;0.8635863089028298;0.8339552238805971;0.8315457811252946;536.0
