;precision;recall;f1-score;support
0;0.9069767441860465;0.6610169491525424;0.7647058823529412;118.0
1;0.7647058823529411;0.9420289855072463;0.8441558441558441;138.0
avg / total;0.830283857729138;0.8125;0.8075343773873186;256.0
