;precision;recall;f1-score;support
0;0.4609375;1.0;0.6310160427807486;118.0
1;0.0;0.0;0.0;138.0
avg / total;0.21246337890625;0.4609375;0.2908589572192513;256.0
