;precision;recall;f1-score;support
0;0.6590909090909091;0.4915254237288136;0.5631067961165048;118.0
1;0.6428571428571429;0.782608695652174;0.7058823529411765;138.0
avg / total;0.6503398944805194;0.6484375;0.6400717447173044;256.0
