;precision;recall;f1-score;support
0;0.9230769230769231;0.6101694915254238;0.7346938775510206;118.0
1;0.7415730337078652;0.9565217391304348;0.8354430379746837;138.0
avg / total;0.8252349827139154;0.796875;0.7890039718419014;256.0
