;precision;recall;f1-score;support
0;0.9523809523809523;0.6779661016949152;0.7920792079207921;118.0
1;0.7790697674418605;0.9710144927536232;0.8645161290322582;138.0
avg / total;0.8589553917497232;0.8359375;0.8311272357074417;256.0
