;precision;recall;f1-score;support
0;0.9876543209876543;0.6779661016949152;0.8040201005025125;118.0
1;0.7828571428571428;0.9927536231884058;0.875399361022364;138.0
avg / total;0.8772558421516754;0.84765625;0.8424979831264949;256.0
