;precision;recall;f1-score;support
0;0.6767676767676768;0.5677966101694916;0.6175115207373273;118.0
1;0.6751592356687898;0.7681159420289855;0.71864406779661;138.0
avg / total;0.675900626487808;0.67578125;0.672028284386472;256.0
